,City,Country,Date,Max Temperature,Humidity,Cloudiness,Wind Speed,Latitude,Longitude
0,Barrow,US,1548976500,21.02,65,90,10.29,39.51,-90.4
1,Cape Town,ZA,1548975600,71.6,60,0,10.29,-33.93,18.42
2,Kapaa,US,1548975360,78.08,63,90,26.4,22.08,-159.32
3,Egvekinot,RU,1548977691,-14.31,62,0,2.82,66.32,-179.17
4,Ushuaia,AR,1548975600,48.2,76,90,9.17,-54.81,-68.31
5,Pacific Grove,US,1548975300,60.08,69,40,1.81,36.62,-121.92
6,Aktau,KZ,1548975600,28.4,92,75,8.95,43.65,51.16
7,Kathmandu,NP,1548975000,46.4,93,75,3.36,27.71,85.32
8,Aiani,GR,1548977693,26.83,91,0,3.27,40.17,21.82
9,Albany,AU,1548975600,62.6,88,0,13.87,-35.02,117.88
10,Avarua,CK,1548975600,87.8,70,40,5.82,-21.21,-159.78
11,Port Elizabeth,ZA,1548975600,66.2,88,40,9.17,-33.92,25.57
12,Hermanus,ZA,1548977694,66.79,72,0,11.77,-34.42,19.24
13,Dicabisagan,PH,1548977694,72.41,100,92,11.65,17.08,122.42
14,Dikson,RU,1548977695,-17.95,81,0,5.39,73.51,80.55
15,Wloszczowa,PL,1548977695,18.95,80,8,3.15,50.85,19.97
16,Puerto Ayora,EC,1548975600,82.4,74,20,11.41,-0.74,-90.35
17,Rikitea,PF,1548977696,81.37,99,8,7.85,-23.12,-134.97
18,Punta Arenas,CL,1548975600,50,66,75,24.16,-53.16,-70.91
19,Ambilobe,MG,1548977696,72.01,98,80,3.38,-13.19,49.05
20,Longyearbyen,SJ,1548975000,30.2,68,40,21.92,78.22,15.64
21,Bambous Virieux,MU,1548975600,78.8,78,20,2.24,-20.34,57.76
22,Lakhi,PK,1548977698,49.24,93,8,6.62,27.85,68.7
23,Garca,BR,1548977417,82.54,55,24,3.38,-22.21,-49.66
24,Santo Antonio do Ica,BR,1548977699,78.22,93,20,1.81,-3.1,-67.94
25,Vestmanna,FO,1548975000,33.8,69,48,17.22,62.16,-7.17
26,Bestobe,KZ,1548977699,-26.37,41,0,3.04,52.5,73.1
27,Lompoc,US,1548976680,60.8,67,75,6.93,34.64,-120.46
28,Bedesa,ET,1548977406,44.56,81,0,2.04,8.9,40.78
29,Roebourne,AU,1548977700,83.98,65,8,6.85,-20.77,117.15
30,Vanavara,RU,1548977701,-37.8,74,0,4.72,60.35,102.28
31,Saint George,BM,1548975300,62.6,59,75,9.17,32.38,-64.68
32,Vaini,TO,1548975600,87.8,74,20,8.05,-21.2,-175.2
33,Rosario,AR,1548975600,78.8,83,75,3.36,-32.96,-60.66
34,Buala,SB,1548977702,86.23,81,20,6.85,-8.15,159.59
35,Lima,PE,1548975600,80.6,69,40,9.17,-12.06,-77.04
36,Lagoa,PT,1548975600,59,100,75,19.46,37.14,-8.45
37,Bluff,NZ,1548977703,56.26,100,24,27.54,-46.6,168.33
38,Sobolevo,RU,1548977703,30.74,96,76,9.75,54.43,31.9
39,Hilo,US,1548975180,78.98,60,1,13.87,19.71,-155.08
40,Gigmoto,PH,1548977704,75.43,100,44,13.33,13.78,124.39
41,Campbell River,CA,1548975600,42.8,93,90,2.24,50.02,-125.24
42,Nhulunbuy,AU,1548975600,84.2,79,40,14.99,-12.18,136.78
43,Graham,US,1548976500,59,44,1,2.15,47.04,-122.28
44,Ribeira Grande,PT,1548977569,59.86,100,64,11.99,38.52,-28.7
45,Maragogi,BR,1548977705,79.12,84,92,5.95,-9.01,-35.22
46,Kodiak,US,1548975300,24.08,64,1,5.82,39.95,-94.76
47,Saint-Philippe,RE,1548975600,78.8,78,0,19.46,-21.36,55.77
48,New Norfolk,AU,1548975600,60.8,38,40,9.17,-42.78,147.06
49,Hirara,JP,1548975600,62.6,67,75,13.87,24.8,125.28
50,Wasilla,US,1548975540,28.94,71,1,2.37,61.58,-149.44
51,Swakopmund,NA,1548975600,60.8,87,0,9.17,-22.68,14.53
52,Yellowknife,CA,1548975600,-13.01,69,75,12.75,62.45,-114.38
53,Tiksi,RU,1548977708,-45.36,0,0,2.71,71.64,128.87
54,Nyurba,RU,1548977708,-40.95,91,8,3.6,63.29,118.35
55,Amapa,BR,1548977709,79.03,89,20,2.71,-1.83,-56.23
56,Ryde,GB,1548975000,32,100,75,11.41,50.73,-1.16
57,Nikolskoye,RU,1548975600,17.6,92,75,4.72,59.7,30.79
58,Tasiilaq,GL,1548975000,14,61,8,6.93,65.61,-37.64
59,Hithadhoo,MV,1548977709,83.53,100,36,14.45,-0.6,73.08
60,Thinadhoo,MV,1548977710,82.94,100,76,14.34,0.53,72.93
61,Esik,KZ,1548975600,26.6,92,90,4.47,43.36,77.47
62,Havelock,US,1548975480,37.04,51,1,4.61,34.88,-76.9
63,Hirado,JP,1548975600,41,60,40,18.34,33.32,129.49
64,Hobart,AU,1548975600,60.8,38,40,9.17,-42.88,147.33
65,Yulara,AU,1548975600,86,23,0,17.22,-25.24,130.99
66,East London,ZA,1548977613,71.6,100,32,4.83,-33.02,27.91
67,Kannur,IN,1548977712,66.07,65,0,2.26,11.88,75.37
68,Skovorodino,RU,1548977712,-26.32,38,0,3.15,53.99,123.94
69,Busselton,AU,1548977713,73.18,85,0,5.73,-33.64,115.35
70,Abapo,BO,1548977713,74.62,55,0,5.61,-18.83,-63.47
71,Natchitoches,US,1548976500,57.02,62,90,8.05,31.76,-93.09
72,Rapid Valley,US,1548976500,44.6,64,1,6.93,44.06,-103.15
73,Bilma,NE,1548977714,47.26,45,0,2.82,18.69,12.92
74,Port Lincoln,AU,1548977714,71.47,75,0,15.79,-34.72,135.86
75,Chakulia,IN,1548977715,48.29,78,0,3.94,22.48,86.72
76,Burnie,AU,1548977715,58.73,100,32,6.4,-41.05,145.91
77,Coquimbo,CL,1548975600,64.4,82,75,9.17,-29.95,-71.34
78,Petrivka,UA,1548977715,31.33,95,56,11.43,48.39,37.78
79,Jamestown,SH,1548977716,74.71,100,24,13.44,-15.94,-5.72
80,Saskylakh,RU,1548977716,-21.24,62,56,3.15,71.97,114.09
81,Butembo,CD,1548977716,55.76,87,0,3.49,0.12,29.29
82,Tura,RU,1548977717,-29.25,46,36,3.71,64.27,100.22
83,Atuona,PF,1548977717,81.5,100,76,16.69,-9.8,-139.03
84,Sisimiut,GL,1548977717,-7.74,100,0,5.39,66.94,-53.67
85,Beloha,MG,1548977718,76.28,70,24,11.77,-25.17,45.06
86,Balikpapan,ID,1548975600,75.2,94,20,5.82,-1.24,116.86
87,Aniva,RU,1548975600,14,66,40,13.42,46.71,142.53
88,Luderitz,NA,1548977718,60.04,80,8,17.02,-26.65,15.16
89,Lovozero,RU,1548977719,5.59,81,80,2.71,68.01,35.02
90,Victoria,SC,1548975600,78.8,88,48,4.7,-4.62,55.45
91,Ntcheu,MW,1548977720,65.89,98,8,2.93,-14.82,34.64
92,Komsomolskiy,RU,1548977454,-39.55,0,0,3.49,67.55,63.78
93,Kudahuvadhoo,MV,1548977721,82.09,100,24,15.01,2.67,72.89
94,Lavrentiya,RU,1548977721,8.24,75,0,14.34,65.58,-170.99
95,Katangli,RU,1548977721,19.27,93,88,29.33,51.71,143.23
96,College,US,1548975480,1.04,82,1,5.28,64.86,-147.8
97,Black River,JM,1548975600,80.6,78,40,10.29,18.03,-77.85
98,Pocoes,BR,1548972000,77,65,0,16.11,-14.53,-40.37
99,Bikaner,IN,1548977722,46.18,98,76,6.96,28.02,73.32
100,Sao Filipe,CV,1548977455,71.33,97,80,15.57,14.9,-24.5
101,Sundsvall,SE,1548975000,14,85,90,1.12,62.39,17.31
102,Mattru,SL,1548977723,78.8,73,0,5.73,7.62,-11.83
103,Bredasdorp,ZA,1548975600,69.8,77,64,12.75,-34.53,20.04
104,Butaritari,KI,1548977724,83.48,100,92,12.1,3.07,172.79
105,Buchanan,LR,1548973800,77,94,20,5.95,5.88,-10.05
106,Hue,VN,1548975600,68,100,75,3.36,16.47,107.58
107,Xiashi,CN,1548977725,54.73,97,92,6.85,22.12,106.89
108,Bethel,US,1548975360,19.04,80,1,5.82,60.79,-161.76
109,Aklavik,CA,1548975600,-5.81,76,75,10.29,68.22,-135.01
110,Belmonte,BR,1548977726,79.61,84,12,4.94,-26.84,-53.58
111,Qazigund,IN,1548977727,27.14,93,88,2.26,33.59,75.17
112,Halifax,CA,1548975600,12.2,66,75,20.8,44.65,-63.58
113,Arraial do Cabo,BR,1548977603,79.43,82,8,16.69,-22.97,-42.02
114,Cururupu,BR,1548977727,81.37,79,80,7.74,-1.82,-44.87
115,Tyret Pervaya,RU,1548977728,1.94,74,64,7.85,53.67,102.31
116,Aswan,EG,1548977728,48.11,78,0,5.73,24.09,32.9
117,Kavaratti,IN,1548977728,82.09,100,0,2.59,10.57,72.64
118,Bonavista,CA,1548977728,27.91,100,24,28.54,48.65,-53.11
119,Iqaluit,CA,1548975600,15.8,61,90,5.82,63.75,-68.52
120,Shingu,JP,1548975600,39.2,55,20,16.11,33.72,135.99
121,Rosarito,MX,1548974460,75.2,41,75,9.17,27.04,-109.91
122,Rawson,AR,1548977729,73.04,22,0,21.5,-43.3,-65.11
123,Klaksvik,FO,1548975000,33.8,69,8,17.22,62.23,-6.59
124,Hambantota,LK,1548977625,76.73,100,0,13.78,6.12,81.12
125,Prince Rupert,CA,1548975600,42.8,87,90,4.7,54.32,-130.32
126,Krasnyy Chikoy,RU,1548977730,11.93,55,56,3.94,50.36,108.75
127,Biltine,TD,1548977580,76.24,35,24,8.75,14.53,20.93
128,Sal Rei,CV,1548975600,68,77,75,13.87,16.18,-22.92
129,Dingle,IE,1548977731,39.38,100,88,33.58,52.14,-10.27
130,Berdigestyakh,RU,1548977732,-33.34,58,56,3.71,62.1,126.7
131,Tuatapere,NZ,1548977732,54.28,98,36,18.81,-46.13,167.69
132,Seoul,KR,1548975600,19.4,72,0,2.24,37.57,126.98
133,Tingo Maria,PE,1548975600,78.8,83,20,0.47,-9.29,-76.01
134,Bagdarin,RU,1548977733,-14.13,72,44,1.25,54.44,113.59
135,Borborema,BR,1548977733,84.2,63,8,3.71,-21.62,-49.07
136,Vidim,RU,1548977733,-10.12,66,44,4.05,56.41,103.11
137,Portland,AU,1548977734,60.8,91,80,5.39,-33.35,149.98
138,Carnarvon,AU,1548975600,80.6,65,0,11.41,-24.87,113.63
139,Qaanaaq,GL,1548977734,-11.43,100,20,8.52,77.48,-69.36
140,Tuktoyaktuk,CA,1548975600,-18.41,75,20,9.17,69.44,-133.03
141,Mandalgovi,MN,1548977735,1.99,50,0,14.23,45.76,106.27
142,Kuandian,CN,1548977735,-3.37,49,0,2.37,40.73,124.78
143,Binzhou,CN,1548977736,21.07,77,0,9.19,37.38,117.96
144,Luanda,AO,1548977736,80.24,89,68,5.73,-8.83,13.24
145,Inta,RU,1548977736,-18.63,82,24,3.71,66.04,60.13
146,Lewiston,US,1548975360,46.04,55,1,2.48,46.42,-117.02
147,Kibaya,TZ,1548977737,63.05,89,0,3.6,-5.32,36.56
148,Luena,AO,1548977737,64.63,98,88,2.71,-11.78,19.91
149,Dunedin,NZ,1548977586,51.49,94,92,18.14,-45.87,170.5
150,Ilulissat,GL,1548975000,3.2,54,5,13.87,69.22,-51.1
151,Port-Cartier,CA,1548975600,-0.41,59,20,12.75,50.03,-66.88
152,Dobson,NZ,1548977738,61.93,98,100,5.73,-42.45,171.31
153,Dinguiraye,GN,1548977739,68.18,64,0,3.15,11.29,-10.71
154,Ponta do Sol,CV,1548975600,69.8,68,40,18.34,17.2,-25.09
155,Castro,CL,1548975600,59,82,90,11.41,-42.48,-73.76
156,Byron Bay,AU,1548975600,84.2,78,8,9.17,-28.65,153.62
157,Wanaka,NZ,1548977740,56.89,59,0,5.17,-44.7,169.14
158,Dedougou,BF,1548977740,69.08,33,0,6.06,12.47,-3.47
159,Chokurdakh,RU,1548977741,-33.52,61,32,3.83,70.62,147.9
160,Cabo San Lucas,MX,1548974700,78.8,60,75,14.99,22.89,-109.91
161,Lujan,AR,1548977741,64.4,18,44,14.67,-46.57,-67.67
162,Orotukan,RU,1548977741,-28.75,44,56,2.82,62.26,151.67
163,Ambon,ID,1548975600,78.8,83,40,8.05,-3.7,128.18
164,Port Alfred,ZA,1548977742,69.04,99,88,10.76,-33.59,26.89
165,Balkhash,KZ,1548977742,2.08,67,8,12.77,46.84,74.98
166,Esperance,AU,1548975600,66.2,59,0,19.46,-33.86,121.89
167,Tokonou,GN,1548977743,70.66,43,0,4.94,9.65,-9.78
168,Provideniya,RU,1548975600,10.4,66,0,15.66,64.42,-173.23
169,Grand Gaube,MU,1548975600,78.8,78,20,2.24,-20.01,57.66
170,Svetlogorsk,RU,1548975600,1.4,84,75,11.18,53.14,59.15
171,Pisco,PE,1548975600,71.6,30,75,8.05,-13.71,-76.2
172,San Policarpo,PH,1548977744,75.38,98,76,12.21,12.18,125.51
173,Arusha,TZ,1548972000,75.2,64,0,4.61,-3.37,36.69
174,Assare,BR,1548977745,75.61,73,32,3.38,-6.87,-39.88
175,Saint-Joseph,RE,1548975600,78.8,78,0,19.46,-21.37,55.62
176,Mahebourg,MU,1548975600,78.8,78,20,2.24,-20.41,57.7
177,Leningradskiy,RU,1548977679,-2.43,86,64,23.06,69.38,178.42
178,Entre Rios,BO,1548975600,68,82,75,5.82,-21.53,-64.17
179,Georgetown,SH,1548977747,80.38,100,92,13.44,-7.93,-14.42
180,Mnogovershinnyy,RU,1548977584,7.88,73,68,10.09,53.94,139.92
181,Kisangani,CD,1548977747,71.92,100,36,3.04,0.52,25.21
182,Sitka,US,1548977748,42.08,59,0,3.38,37.17,-99.65
183,Fort Nelson,CA,1548975600,-2.21,70,75,3.36,58.81,-122.69
184,Speightstown,BB,1548975600,77,69,20,12.75,13.25,-59.65
185,Agadez,NE,1548977749,56.08,30,0,7.63,16.97,7.99
186,Fortuna,US,1548975300,62.6,100,1,10.29,40.6,-124.16
187,Ahipara,NZ,1548977749,76.1,66,20,1.92,-35.17,173.16
188,Uige,AO,1548977750,67.28,99,76,2.15,-7.61,15.06
189,Perevolotskiy,RU,1548977750,4.1,81,24,7.63,51.88,54.19
190,Puerto Vallarta,MX,1548974700,78.8,74,90,10.29,20.61,-105.23
191,Dubbo,AU,1548975600,78.8,50,12,25.28,-32.25,148.6
192,Huarmey,PE,1548977751,74.03,68,24,3.71,-10.07,-78.15
193,Tuy Hoa,VN,1548977543,70.39,97,32,10.54,13.08,109.3
194,Eyl,SO,1548977609,71.51,100,48,14.79,7.98,49.82
195,Lebu,CL,1548977752,57.83,89,0,23.73,-37.62,-73.65
196,Kula,TR,1548977752,38.89,90,0,8.86,38.55,28.65
197,Puerto Montt,CL,1548975600,60.8,72,75,8.05,-41.47,-72.94
198,Iquique,CL,1548975600,78.8,69,0,18.34,-20.22,-70.14
199,Msowero,TZ,1548972000,77,78,20,2.82,-6.53,37.2
200,Chuy,UY,1548977623,71.47,95,88,8.97,-33.69,-53.46
201,Ligayan,PH,1548977754,81.19,99,20,13.22,4.65,119.47
202,Waipawa,NZ,1548977754,80.33,52,0,12.66,-39.94,176.59
203,Fairbanks,US,1548975480,-7.97,82,1,5.28,64.84,-147.72
204,Richards Bay,ZA,1548977633,74.48,84,76,1.92,-28.77,32.06
205,Khatanga,RU,1548977755,-29.65,50,48,8.41,71.98,102.47
206,Sandviken,SE,1548977755,21.56,94,80,4.5,60.62,16.77
207,Bandar,ID,1548977756,72.5,100,44,3.94,-4.2,104.14
208,Coihaique,CL,1548975600,57.2,47,40,8.05,-45.58,-72.07
209,Nome,US,1548976500,56.84,73,90,10.29,30.04,-94.42
210,Torbay,CA,1548976800,30.2,80,90,29.97,47.66,-52.73
211,Marrakesh,MA,1548975600,48.2,81,0,5.82,31.63,-7.99
212,Guerrero Negro,MX,1548977757,64.58,71,32,4.5,27.97,-114.04
213,Cardoso,BR,1548977757,83.84,65,56,1.14,-20.08,-49.91
214,Fayaoue,NC,1548977758,76.69,100,92,21.27,-20.65,166.53
215,Laredo,US,1548977100,58.1,93,90,8.05,27.51,-99.51
216,Kidal,ML,1548977758,49.51,45,0,3.94,18.44,1.41
217,Touros,BR,1548975600,82.4,78,40,11.41,-5.2,-35.46
218,Zwedru,LR,1548977759,74.62,96,0,5.39,6.07,-8.13
219,Ntungamo,UG,1548977759,55.72,75,0,2.37,-0.87,30.27
220,Winneba,GH,1548975600,82.4,88,75,11.41,5.35,-0.62
221,Isiro,CD,1548977760,72.41,83,56,2.59,2.77,27.62
222,Balyaga,RU,1548977760,11.17,57,80,4.38,51.15,108.93
223,Coolum Beach,AU,1548977760,78.49,85,92,5.17,-26.53,153.09
224,Wellington,CA,1548975600,12.2,66,75,20.8,44.87,-63.61
225,Clyde River,CA,1548975600,-18.41,82,90,2.24,70.47,-68.59
226,Huaiyuan,CN,1548977761,24.49,85,12,7.18,32.97,117.2
227,Kruisfontein,ZA,1548977687,66.74,98,92,11.99,-34,24.73
228,Katsuura,JP,1548975600,39.2,69,75,11.41,33.93,134.5
229,Mahibadhoo,MV,1548977762,81.46,100,0,14.79,3.78,72.97
230,Camabatela,AO,1548977763,65.03,97,80,2.48,-8.19,15.37
231,Gold Coast,AU,1548975600,82.4,61,75,8.05,-28,153.41
232,Severo-Kurilsk,RU,1548977763,31.06,100,88,16.8,50.68,156.12
233,Monrovia,LR,1548973800,77,94,20,5.5,6.33,-10.8
234,Gandorhun,SL,1548977764,77.54,60,0,7.96,8.44,-10.86
235,Portage,US,1548976800,-0.41,70,90,4.94,41.58,-87.18
236,Kencong,ID,1548977764,73.63,94,20,4.16,-7.78,112.24
237,Cherskiy,RU,1548977765,-27.81,44,76,5.61,68.75,161.3
238,Panzhihua,CN,1548977765,31.87,73,0,1.48,26.59,101.72
239,Vardo,NO,1548973200,19.4,79,75,8.05,70.37,31.11
240,Baykit,RU,1548977766,-38.29,75,20,4.5,61.68,96.39
241,Ankazoabo,MG,1548977766,67.91,96,0,3.15,-22.29,44.51
242,San Felipe,MX,1548977766,62.69,97,0,14.23,31.02,-114.84
243,Pingliang,CN,1548977767,3.83,61,0,2.59,35.54,106.68
244,Mehamn,NO,1548975000,19.4,79,0,13.87,71.03,27.85
245,Lakatoro,VU,1548977768,79.66,96,100,8.08,-16.11,167.42
246,Boppard,DE,1548976800,26.6,92,75,23.04,50.23,7.59
247,Hobyo,SO,1548977768,74.39,87,44,16.35,5.35,48.53
248,Tonstad,NO,1548975000,35.6,64,75,14.99,58.66,6.71
249,Owando,CG,1548977770,70.57,99,48,3.38,-0.49,15.91
250,Cidreira,BR,1548977770,72.59,100,92,1.14,-30.17,-50.22
251,Griffith,AU,1548975600,77,49,0,9.17,-34.29,146.06
252,Genc,TR,1548977771,26.74,92,92,2.48,38.75,40.56
253,Timbuktu,ML,1548977771,59.99,33,0,4.38,16.77,-3.01
254,Haines Junction,CA,1548977771,5,75,12,2.26,60.75,-137.51
255,Ishinomaki,JP,1548975600,32,100,75,3.36,38.42,141.3
256,Isla Mujeres,MX,1548974640,77,69,75,8.05,21.23,-86.73
257,Rundu,NA,1548977772,73.04,74,0,8.41,-17.91,19.77
258,Varzelandia,BR,1548977773,81.41,34,32,9.75,-15.7,-44.03
259,Skibbereen,IE,1548977400,39.2,93,75,13.87,51.55,-9.27
260,Hofn,IS,1548977634,29.62,100,0,25.64,64.25,-15.21
261,Muros,ES,1548975600,46.4,93,40,11.41,42.77,-9.06
262,Beyneu,KZ,1548977774,16.7,88,12,11.77,45.32,55.19
263,Aljezur,PT,1548977774,59.68,99,92,27.76,37.31,-8.8
264,Daloa,CI,1548977775,78.44,83,12,5.39,6.88,-6.45
265,Mar del Plata,AR,1548977559,65.93,33,0,16.8,-46.43,-67.52
266,Petropavlovsk-Kamchatskiy,RU,1548975600,32,90,75,24.61,53.05,158.65
267,Souillac,MU,1548975600,78.8,78,20,2.24,-20.52,57.52
268,Inhambane,MZ,1548977776,78.94,92,100,7.85,-23.87,35.38
269,Ulladulla,AU,1548975600,64.4,77,90,10.29,-35.36,150.48
270,Paracuru,BR,1548975600,82.4,83,40,9.17,-3.41,-39.03
271,Hasaki,JP,1548975600,32,100,20,1.12,35.73,140.83
272,Bulgan,MN,1548977777,-1.12,48,12,5.17,48.81,103.53
273,Bay Roberts,CA,1548976800,30.2,80,90,29.97,47.58,-53.28
274,Surab,PK,1548977778,28.63,79,0,2.26,28.49,66.26
275,Norman Wells,CA,1548975600,-4.01,64,90,13.87,65.28,-126.83
276,Norsup,VU,1548977778,79.66,96,100,8.08,-16.07,167.38
277,Novosergiyevka,RU,1548977779,5.32,76,20,7.96,52.08,53.65
278,Paso de los Toros,UY,1548977779,79.34,78,80,5.95,-32.81,-56.52
279,Ankazobe,MG,1548975600,66.2,82,75,9.17,-18.32,47.12
280,Pangai,TO,1548975600,82.4,78,40,9.17,-19.8,-174.35
281,Caravelas,BR,1548977481,82.94,99,0,15.23,-17.73,-39.27
282,Tra Vinh,VN,1548977780,79.79,72,92,10.09,9.93,106.35
283,Belaya Kholunitsa,RU,1548977780,23.45,90,92,11.65,58.84,50.85
284,Preobrazheniye,RU,1548977781,7.84,43,0,3.15,42.9,133.91
285,Anadyr,RU,1548975600,17.6,85,90,29.08,64.73,177.51
286,Thompson,CA,1548975600,-13.01,62,90,3.36,55.74,-97.86
287,Abonnema,NG,1548972000,80.6,94,20,3.36,4.71,6.79
288,Russellville,US,1548976500,41,52,90,5.82,35.28,-93.13
289,Talnakh,RU,1548977699,-50.35,0,0,2.93,69.49,88.39
290,Awjilah,LY,1548977783,44.33,75,0,3.94,29.14,21.3
291,Lengshuitan,CN,1548977783,38.53,98,64,3.04,26.41,111.6
292,Dongsheng,CN,1548977783,27.23,80,48,2.93,29.72,112.52
293,Zhuhai,CN,1548975600,-4.01,70,0,6.71,40.71,112.04
294,Malindi,KE,1548977784,78.71,91,64,7.96,-3.22,40.12
295,Whyalla,AU,1548975600,73.4,40,0,9.17,-33.04,137.58
296,Faanui,PF,1548977784,83.66,99,68,19.71,-16.48,-151.75
297,Litovko,RU,1548977785,-8.91,65,0,2.26,49.24,135.18
298,Otofuke,JP,1548975600,14,51,20,9.17,43.02,143.2
299,Port-Gentil,GA,1548975600,82.4,83,40,5.82,-0.72,8.78
300,Moranbah,AU,1548977785,82.31,65,12,16.8,-22,148.04
301,Ola,RU,1548977786,8.6,100,12,23.96,59.58,151.3
302,Itarema,BR,1548977786,78.8,90,92,8.52,-2.92,-39.92
303,Xuddur,SO,1548977786,67.91,51,0,9.98,4.12,43.89
304,Vestmannaeyjar,IS,1548977619,25.25,100,0,15.9,63.44,-20.27
305,Sechura,PE,1548977787,75.07,89,100,6.17,-5.56,-80.82
306,Batsfjord,NO,1548973200,19.4,79,75,8.05,70.63,29.72
307,Biak,ID,1548977684,81.28,95,8,2.93,-0.91,122.88
308,Libreville,GA,1548975600,82.4,83,20,4.7,0.39,9.45
309,Necochea,AR,1548977788,71.29,59,0,11.21,-38.55,-58.74
310,Araouane,ML,1548977788,53.06,39,0,5.61,18.9,-3.53
311,Hami,CN,1548977789,-1.8,55,76,3.04,42.84,93.51
312,Bana,CM,1548977789,53.96,82,0,1.59,5.14,10.29
313,Boyuibe,BO,1548975600,78.8,65,40,5.82,-20.43,-63.28
314,Talaya,RU,1548975600,-36.41,65,0,4.47,55.79,84.89
315,La Libertad,SV,1548975000,87.8,52,20,4.7,13.49,-89.32
316,Sao Gabriel da Cachoeira,BR,1548977791,78.53,89,12,1.7,-0.13,-67.09
317,Xam Nua,LA,1548977792,56.62,97,56,1.92,20.42,104.04
318,Harper,LR,1548977792,80.47,100,32,6.62,4.38,-7.71
319,Upernavik,GL,1548977792,-2.65,99,0,6.96,72.79,-56.15
320,Port Moresby,PG,1548975600,78.8,83,75,8.05,-9.47,147.16
321,Kollo,NE,1548975600,75.2,10,0,6.93,13.34,2.32
322,Noumea,NC,1548975600,84.2,62,75,11.41,-22.28,166.46
323,Weinan,CN,1548975600,23,79,36,6.71,34.5,109.46
324,Chipinge,ZW,1548977794,65.3,85,0,2.71,-20.19,32.62
325,Sokolo,ML,1548977794,66.65,36,0,8.3,14.74,-6.12
326,Santa Isabel do Rio Negro,BR,1548977795,79.84,88,24,2.48,-0.41,-65.02
327,Natal,BR,1548975600,82.4,74,20,13.87,-5.81,-35.21
328,El Bagre,CO,1548977795,84.16,62,68,4.38,7.6,-74.8
329,Homer,US,1548975180,35.96,81,1,3.36,59.64,-151.54
330,Guilin,CN,1548975600,42.8,70,40,6.71,25.28,110.29
331,Nanortalik,GL,1548977569,23.41,100,76,19.26,60.14,-45.24
332,Miranpur,IN,1548977796,51.67,95,92,2.93,29.29,77.95
333,Tazovskiy,RU,1548977796,-51.75,0,0,4.05,67.47,78.7
334,Aksarka,RU,1548977797,-49.5,0,0,2.93,66.56,67.8
335,Zambezi,ZM,1548977797,66.52,91,92,9.42,-13.55,23.12
336,Pimenteiras,BR,1548977797,79.34,67,36,6.85,-6.24,-41.42
337,North Bend,US,1548975360,53.96,83,1,9.17,43.41,-124.22
338,Yerbogachen,RU,1548977798,-40.32,86,12,4.61,61.28,108.01
339,Puerto Quijarro,BO,1548975600,87.8,58,0,1.12,-19,-57.72
340,Berlevag,NO,1548975000,19.4,79,0,13.87,70.86,29.09
341,Guymon,US,1548976500,57.02,24,1,5.82,36.68,-101.48
342,Isangel,VU,1548975600,82.4,83,75,10.29,-19.55,169.27
343,Sucre,BO,1548977800,51.76,96,92,2.26,-19.05,-65.26
344,Nishihara,JP,1548975780,39.2,29,20,17.22,35.74,139.53
345,Bahia Blanca,AR,1548977754,82.31,41,0,12.44,-38.72,-62.27
346,Bodden Town,KY,1548975600,78.8,83,75,13.87,19.28,-81.25
347,Alta Floresta,BR,1548977801,74.84,95,64,1.92,-9.87,-56.08
348,Baiquan,CN,1548977802,-1.84,69,0,2.59,47.61,126.08
349,Diapaga,BF,1548977802,70.03,37,0,5.73,12.07,1.79
350,Limbe,HT,1548977802,74.84,89,8,10.98,19.7,-72.4
351,Bilibino,RU,1548977803,-27,40,24,3.04,68.06,166.44
352,Aripuana,BR,1548977803,78.71,89,24,1.81,-9.17,-60.63
353,Srisailam,IN,1548977803,53.15,92,0,3.15,16.07,78.87
354,Nouadhibou,MR,1548977803,65.53,67,8,15.12,20.93,-17.03
355,Padang,ID,1548975600,77,94,20,2.24,-0.92,100.36
356,Mount Gambier,AU,1548975600,64.4,42,0,14.99,-37.83,140.78
357,Kieta,PG,1548977602,83.17,98,56,1.59,-6.22,155.63
358,Poum,NC,1548977805,79.66,100,92,20.6,-20.23,164.02
359,Redmond,US,1548976500,59,48,20,5.82,47.67,-122.12
360,Geraldton,AU,1548975600,71.6,83,0,10.42,-28.77,114.6
361,Jining,CN,1548977806,15.98,64,0,2.93,35.41,116.58
362,Churapcha,RU,1548977806,-36.54,70,48,2.71,62,132.43
363,Gambela,ET,1548977806,59.77,75,0,2.59,8.25,34.59
364,Paramonga,PE,1548977807,73.4,100,24,7.4,-10.68,-77.82
365,Sao Joao da Barra,BR,1548972000,82.4,69,0,16.11,-21.64,-41.05
366,Kaitangata,NZ,1548977808,59.63,67,12,24.52,-46.28,169.85
367,Luleburgaz,TR,1548976800,44.6,93,75,12.75,41.4,27.36
368,Bathsheba,BB,1548975600,77,69,20,12.75,13.22,-59.52
369,Azanka,RU,1548977808,-7.87,64,88,5.73,58.04,64.79
370,Narsaq,GL,1548975000,19.4,52,56,1.12,60.91,-46.05
371,Hualmay,PE,1548977809,73.27,80,44,4.61,-11.1,-77.61
372,Rocha,UY,1548977696,73.76,60,92,9.75,-34.48,-54.34
373,Bambanglipuro,ID,1548977810,75.11,94,48,4.27,-7.95,110.28
374,Urengoy,RU,1548977810,-51.66,0,0,3.6,65.96,78.37
375,Dunmore Town,BS,1548977810,72.05,100,80,19.15,25.5,-76.65
376,Westport,NZ,1548977811,64.27,99,100,5.06,-41.75,171.6
377,Gamba,GA,1548977811,77.32,100,80,3.94,-2.72,10.02
378,Swanton,US,1548976560,6.08,49,1,4.7,41.59,-83.89
379,Pevek,RU,1548977602,-13.99,86,36,8.41,69.7,170.27
380,Voh,NC,1548977811,78.98,99,64,19.15,-20.95,164.69
381,Maturin,VE,1548977517,82.63,48,0,8.97,9.75,-63.18
382,Beringovskiy,RU,1548977669,22.73,93,88,20.94,63.05,179.32
383,Luklukan,PH,1548977812,77.45,100,56,20.71,14.33,122.71
384,Puerto del Rosario,ES,1548975600,64.4,59,75,9.17,28.5,-13.86
385,Pithora,IN,1548977813,47.66,77,0,2.26,21.25,82.52
386,Ucluelet,CA,1548975600,44.6,93,90,9.17,48.94,-125.55
387,Kota Kinabalu,MY,1548975600,77,88,75,3.36,5.98,116.07
388,Bonthe,SL,1548977814,78.94,84,0,5.06,7.53,-12.5
389,Umm Kaddadah,SD,1548977814,63.46,39,0,12.21,13.6,26.69
390,Alofi,NU,1548975600,77,94,75,6.93,-19.06,-169.92
391,Vryheid,ZA,1548977815,59.54,89,48,1.92,-27.77,30.79
392,San Antonio,CL,1548975600,64.4,72,0,8.05,-33.58,-71.61
393,Lokosovo,RU,1548977816,-45.36,0,0,2.93,61.13,74.84
394,Auki,SB,1548977816,84.2,96,8,6.73,-8.77,160.7
395,Sangar,RU,1548977816,-41.22,91,44,3.15,63.92,127.47
396,Guayaramerin,BO,1548977816,80.38,85,88,1.7,-10.82,-65.36
397,Senhor do Bonfim,BR,1548977817,79.79,51,0,10.76,-10.46,-40.19
398,Yanam,IN,1548977817,69.35,81,48,6.4,16.73,82.22
399,Saldanha,ZA,1548972000,73.4,56,0,5.82,-33.01,17.94
400,Cerrito,PY,1548977818,78.89,83,12,2.26,-25.87,-56.87
401,Gunjur,GM,1548975600,68,72,0,6.93,13.18,-16.76
402,Yenagoa,NG,1548977819,74.71,93,0,5.39,4.92,6.26
403,Port Blair,IN,1548977819,82.58,99,88,13.89,11.67,92.75
404,Kodinsk,RU,1548977820,-25.87,39,12,6.06,58.6,99.18
405,Arawa,PG,1548977820,83.17,98,56,1.59,-6.23,155.57
406,Ust-Tsilma,RU,1548977820,4.51,79,88,8.19,65.44,52.15
407,Dourbali,TD,1548977597,67.06,27,0,9.98,11.81,15.86
408,Manado,ID,1548975600,75.2,94,75,4.7,1.49,124.85
409,San Vicente,PH,1548977821,77.45,100,56,20.71,14.11,122.87
410,Ussel,FR,1548977822,38.66,95,80,11.43,45.55,2.31
411,Broome,AU,1548975600,86,79,40,10.29,-17.97,122.23
412,Kavieng,PG,1548977823,85.06,99,24,6.4,-2.57,150.8
413,Eureka,US,1548975300,62.6,69,1,4.7,40.8,-124.16
414,Cairns,AU,1548976560,80.6,94,75,6.93,-16.92,145.77
415,Umm Lajj,SA,1548977824,56.53,100,0,8.63,25.02,37.27
416,Ukiah,US,1548975360,66.02,46,1,5.82,39.15,-123.21
417,Znamenskoye,RU,1548977824,-29.61,49,36,3.83,57.13,73.82
418,Toumodi,CI,1548975600,77,88,0,4.7,6.56,-5.02
419,Portobelo,PA,1548975600,80.6,69,40,11.41,9.55,-79.65
420,Brodokalmak,RU,1548975600,3.2,84,90,8.95,55.57,62.07
421,Half Moon Bay,US,1548975600,64.04,82,1,6.93,37.46,-122.43
422,Salinopolis,BR,1548977750,79.84,100,32,12.21,-0.61,-47.36
423,San Patricio,MX,1548974400,82.4,69,40,11.41,19.22,-104.7
424,Brae,GB,1548976800,37.4,93,88,10.29,60.4,-1.35
425,Knysna,ZA,1548975600,66.2,88,32,13.87,-34.04,23.05
426,Ciuperceni,RO,1548977827,26.96,100,24,1.92,44.94,23.01
427,Constitucion,CL,1548977827,63.23,77,0,13.33,-35.33,-72.42
428,Rio Grande,BR,1548977712,75.83,100,80,5.39,-32.03,-52.1
429,Vangaindrano,MG,1548977828,71.24,100,92,3.15,-23.35,47.6
430,Makakilo City,US,1548975420,78.08,59,75,14.99,21.35,-158.09
431,Am Timan,TD,1548977828,73.72,40,0,8.75,11.04,20.28
432,San Jose,BO,1548975600,75.2,83,40,11.41,-17.94,-63.35
433,Sungaipenuh,ID,1548977829,66.79,98,92,1.14,-2.08,101.38
434,Ancud,CL,1548975600,59,82,90,11.41,-41.87,-73.83
435,Vanimo,PG,1548977829,84.34,96,56,16.35,-2.67,141.3
436,Camapua,BR,1548977830,81.86,62,48,3.04,-19.53,-54.04
437,Chabahar,IR,1548977830,68.68,100,0,7.74,25.29,60.65
438,Vila do Maio,CV,1548975600,69.8,73,75,21.92,15.13,-23.22
439,Dandong,CN,1548977831,2.3,58,0,2.71,40.12,124.37
440,Turan,RU,1548977831,-12.1,66,68,2.37,52.15,93.92
441,Acucena,BR,1548972000,82.4,58,0,4.7,-19.07,-42.55
442,Merauke,ID,1548977673,79.79,100,100,17.58,-8.49,140.4
443,Mirabad,AF,1548977832,34.7,78,0,2.71,30.44,61.84
444,Valenca do Piaui,BR,1548977834,81.41,57,88,7.63,-6.41,-41.75
445,Poronaysk,RU,1548977834,10.99,74,68,16.46,49.22,143.1
446,Pryluky,UA,1548977834,33.71,96,76,10.31,50.6,32.39
447,Beidao,CN,1548977758,12.74,96,8,4.16,34.57,105.89
448,Te Anau,NZ,1548977835,54.14,64,32,9.42,-45.41,167.72
449,Pozzuoli,IT,1548976800,51.8,100,75,9.17,40.82,14.12
450,Okahandja,NA,1548975600,71.6,56,80,4.7,-21.98,16.91
451,Waingapu,ID,1548977836,76.19,97,88,8.63,-9.65,120.26
452,Barranca,PE,1548977836,73.4,100,24,7.4,-10.75,-77.76
453,Liverpool,CA,1548977836,22.69,100,36,21.05,44.04,-64.71
454,Muyezerskiy,RU,1548977837,11.03,84,76,3.94,63.93,31.65
455,Salalah,OM,1548975000,71.6,78,0,3.36,17.01,54.1
456,Houlton,US,1548975360,1.04,61,75,5.82,46.13,-67.84
457,Gallup,US,1548975180,53.06,29,1,4.7,35.53,-108.74
458,Ajdabiya,LY,1548977838,44.74,78,0,6.29,30.75,20.22
459,Parkhill,CA,1548975600,3.2,59,20,12.75,43.16,-81.68
460,Champerico,GT,1548975600,86,51,75,6.93,14.3,-91.92
461,Paamiut,GL,1548977839,25.7,100,68,20.49,61.99,-49.67
462,Port Hedland,AU,1548975600,84.2,79,0,11.41,-20.31,118.58
463,Kloulklubed,PW,1548975000,77,94,90,5.82,7.04,134.26
464,Tilichiki,RU,1548977840,15.26,78,88,15.57,60.47,166.1
465,Boromo,BF,1548977840,69.35,50,0,4.5,11.74,-2.93
466,Kambove,CD,1548977841,63.28,99,92,2.71,-10.88,26.6
467,Sao Felix do Xingu,BR,1548977841,78.53,89,32,2.82,-6.64,-51.99
468,Zatoka,UA,1548975600,32,95,90,4.47,49.85,23.68
469,Uyemskiy,RU,1548975600,21.2,92,75,6.71,64.47,40.85
470,Filingue,NE,1548977842,60.44,57,0,3.49,14.35,3.32
471,Wanning,CN,1548977842,69.89,100,92,15.35,18.8,110.4
472,Oshikango,NA,1548975600,77,73,12,4.7,-17.39,15.89
473,Moroto,UG,1548977843,59.86,80,0,4.83,2.53,34.66
474,Neuquen,AR,1548975600,89.6,17,0,11.41,-38.95,-68.06
475,Sindou,BF,1548977843,71.51,47,8,4.5,10.66,-5.16
476,Panguna,PG,1548977844,83.75,83,32,2.82,-6.32,155.48
477,Sambava,MG,1548977717,80.06,100,68,17.81,-14.27,50.17
478,Ixtapa,MX,1548974700,78.8,74,90,10.29,20.71,-105.21
479,Srednekolymsk,RU,1548977721,-36.4,71,24,3.71,67.46,153.71
480,Vostok,RU,1548977594,-5.49,39,0,4.72,46.45,135.83
481,Belyy Yar,RU,1548975600,-14.81,68,40,11.18,53.6,91.39
482,Korla,CN,1548977845,0.23,84,24,2.59,41.76,86.15
483,Smithers,CA,1548975600,30.2,100,90,2.37,54.78,-127.17
484,Leh,IN,1548977560,-19.84,51,44,1.36,34.16,77.58
485,Stephenville,CA,1548975600,15.8,52,75,27.51,48.55,-58.59
486,Wynyard,CA,1548977846,9.59,78,76,3.71,51.77,-104.18
487,Maniitsoq,GL,1548977713,4.69,100,0,8.75,65.42,-52.9
488,Belo Jardim,BR,1548977847,73.27,77,24,8.63,-8.33,-36.42
489,Jasper,CA,1548977847,29.84,90,92,1.7,52.88,-118.08
490,Lunglei,IN,1548977847,49.01,89,0,2.59,22.89,92.75
491,Nguru,NG,1548977848,62.11,32,0,8.52,12.88,10.45
492,Meulaboh,ID,1548977848,76.87,100,76,4.94,4.14,96.13
493,Kutum,SD,1548977848,58.91,41,0,8.41,14.2,24.66
494,Nabire,ID,1548977849,77.41,81,20,2.15,-3.36,135.5
495,Phuket,TH,1548975600,75.2,83,20,5.82,7.89,98.4
496,Tautira,PF,1548975600,86,70,75,14.99,-17.73,-149.15
497,Nuevo Progreso,MX,1548977850,75.79,75,88,3.94,17.14,-95.05
498,Sarakhs,IR,1548975600,39.2,93,0,2.24,36.54,61.16
499,Mayo,CA,1548975600,-9.41,63,40,2.24,63.59,-135.9
500,Walvis Bay,NA,1548975600,60.8,87,0,9.17,-22.95,14.51
501,Kenai,US,1548975360,28.94,95,90,3.36,60.55,-151.26
502,Dolzhanskaya,RU,1548977851,33.67,80,24,15.79,46.63,37.8
503,Trairi,BR,1548977851,79.93,100,32,11.54,-3.28,-39.27
504,Groton,US,1548975360,17.96,35,1,12.75,41.35,-72.08
505,Marietta,US,1548976500,50,31,20,6.93,33.95,-84.55
506,Imeni Poliny Osipenko,RU,1548977852,-2.88,73,36,2.93,52.42,136.49
507,Allapalli,IN,1548977852,55.13,88,0,3.04,19.43,80.06
508,Ostrovnoy,RU,1548977853,8.11,88,88,8.97,68.05,39.51
509,Erenhot,CN,1548977853,7.34,41,0,15.68,43.65,111.97
510,Oxford,CA,1548977853,13.96,51,56,9.53,45.73,-63.86
511,Lichtenburg,ZA,1548977854,63.64,92,92,4.94,-26.15,26.16
512,Denizli,TR,1548977100,33.8,100,75,4.7,37.77,29.09
513,Kahului,US,1548975240,69.98,90,75,24.16,20.89,-156.47
514,Casalpusterlengo,IT,1548976800,37.4,100,75,4.7,45.18,9.65
515,Wencheng,CN,1548977855,38.03,85,56,2.15,27.79,120.09
516,Po,BF,1548977855,69.04,49,0,2.93,11.17,-1.15
517,Tostedt,DE,1548976800,32,90,0,6.93,53.28,9.71
518,Abha,SA,1548975600,59,62,0,6.93,18.22,42.5
519,Pretoria,ZA,1548975600,71.6,68,12,2.59,-25.75,28.19
520,Mount Isa,AU,1548975600,77,100,90,8.05,-20.73,139.49
521,Broken Hill,AU,1548975600,69.8,35,0,19.46,-31.97,141.45
522,Samarai,PG,1548977857,84.29,100,24,9.64,-10.62,150.67
523,Mabaruma,GY,1548977719,78.89,77,68,6.17,8.2,-59.78
524,Harlingen,NL,1548977280,35.6,92,40,6.93,53.18,5.41
525,Murray Bridge,AU,1548977858,65.48,85,0,12.21,-35.12,139.28
526,Kopavogur,IS,1548975600,26.6,67,0,5.82,64.11,-21.91
527,Kuala Terengganu,MY,1548975600,77,94,75,4.05,5.33,103.14
528,Grindavik,IS,1548975600,26.6,73,20,23.04,63.84,-22.43
529,Zyryanka,RU,1548977859,-34.74,65,76,3.15,65.73,150.89
530,Astoria,US,1548975300,51.98,68,75,8.05,46.19,-123.83
531,Arbagar,RU,1548977859,-11.88,71,56,3.15,51.94,116.28
532,Bossangoa,CF,1548977859,72.91,38,48,4.72,6.5,17.45
533,Bacolod,PH,1548977860,76.46,76,32,12.77,10.68,122.95
534,Sorland,NO,1548977860,37.94,100,68,9.75,67.67,12.69
535,Makokou,GA,1548977860,72.37,99,8,2.37,0.56,12.85
536,Margate,ZA,1548977860,72.14,97,92,16.69,-30.86,30.37
537,Lethem,GY,1548977861,86.23,53,12,15.01,3.38,-59.8
538,High Rock,BS,1548977861,70.03,100,68,21.16,26.63,-78.28
539,Nata,BW,1548977861,76.06,40,36,9.64,-20.21,26.19
540,Garh Maharaja,PK,1548977862,43.03,91,0,4.16,30.83,71.9
541,Pangkalanbuun,ID,1548977862,75.97,96,56,4.16,-2.68,111.62
542,La Ronge,CA,1548975600,-0.41,77,90,2.59,55.1,-105.3
543,Amga,RU,1548977864,-29.7,47,44,3.38,60.89,131.98
544,Zhigansk,RU,1548977864,-45.54,0,0,8.41,66.77,123.37
545,Kananga,CD,1548977864,70.66,96,92,2.82,-5.9,22.41
546,Acapulco,MX,1548974520,84.2,58,5,9.17,16.86,-99.88
547,Novozavidovskiy,RU,1548977865,30.88,99,92,7.63,56.55,36.43
548,Pangnirtung,CA,1548975600,5,54,75,10.29,66.15,-65.72
549,Tokur,RU,1548977865,-12.78,73,48,3.04,53.13,132.9
550,Rayagada,IN,1548977865,44.74,86,0,1.25,19.17,83.42
551,Kajaani,FI,1548976800,1.4,84,90,2.24,64.22,27.73
552,Aketi,CD,1548977866,71.92,94,68,2.71,2.74,23.78
553,Puerto Baquerizo Moreno,EC,1548975600,82.4,78,40,4.7,-0.9,-89.6
554,Taunggyi,MM,1548977866,43.21,83,0,2.15,20.78,97.03
555,Palmer,US,1548975540,28.94,88,90,3.36,61.6,-149.11
556,Katunino,RU,1548975600,21.2,92,75,6.71,64.39,40.63
557,Lana,IT,1548975300,19.4,85,90,23.04,46.61,11.16
558,Pamplona,ES,1548975600,50,100,75,3.36,42.82,-1.64
559,Kaeo,NZ,1548977868,76.28,62,20,4.61,-35.1,173.78
560,Kushima,JP,1548975600,44.6,56,20,16.11,31.5,131.29
561,Qaqortoq,GL,1548975000,19.4,52,68,1.12,60.72,-46.03
562,Saint-Leu,RE,1548975600,78.8,78,0,19.46,-21.15,55.28
563,Siavonga,ZM,1548977869,72.73,88,0,3.38,-16.54,28.71
564,Runcu,RO,1548975600,39.2,93,75,8.05,44.59,26.21
565,Altay,CN,1548977870,-4.5,74,68,2.04,47.83,88.13
566,Gabu,GW,1548977870,72.28,44,0,4.16,12.28,-14.22
567,Seymchan,RU,1548977870,-26.64,40,64,4.61,62.93,152.39
568,Alihe,CN,1548977871,-11.52,70,64,2.59,50.57,123.73
569,Puerto Narino,CO,1548975600,75.2,100,75,2.24,-3.77,-70.38
570,Karpathos,GR,1548976800,57.2,62,0,21.92,35.51,27.21
571,Iida,JP,1548977872,21.83,71,0,2.04,35.45,137.9
572,Zhaozhou,CN,1548977872,-0.09,64,20,3.04,45.71,125.27
573,Takoradi,GH,1548977872,80.56,100,0,3.94,4.89,-1.75
574,Ballina,IE,1548977873,32.86,100,44,17.25,54.11,-9.15
575,Dondo,MZ,1548977873,76.33,89,0,3.94,-19.62,34.74
576,Dauphin,CA,1548976440,-5.81,70,90,3.36,51.15,-100.04
577,Ballinasloe,IE,1548977874,35.06,85,68,21.61,53.33,-8.22
578,Kosonsoy,UZ,1548975600,37.4,93,90,2.26,41.25,71.55
579,Bezhetsk,RU,1548977874,23.41,98,92,7.96,57.78,36.69
580,Ferme-Neuve,CA,1548977876,-4.23,51,36,8.52,46.7,-75.45
581,Yakeshi,CN,1548977876,-5.8,78,0,7.4,49.28,120.73
582,Starokucherganovka,RU,1548975600,26.6,86,90,11.18,46.32,47.96
583,Taoudenni,ML,1548977877,47.62,50,0,4.16,22.68,-3.98
